Row,A,C,D,E,F,G,H,I,K,L,M,N,P,Q,R,S,T,V,W,Y
A,100,100,48.6,41.8,100,100,100,100,126,130,150,58.8,100,36,54.4,100,141,168,100,87
C,28.2,100,-78,29.3,100,161,100,32.1,100,100,100,100,255,100,100,100,-62.1,100,100,100
D,100,100,100,100,142,-12,24.7,55.8,100,134,25.1,52.4,100,165,100,143,48,140,-99,100
E,100,26.7,100,110,100,178,100,100,100,64.4,102,143,62.6,54.5,142,83.1,115,100,100,63.5
F,100,168,100,100,3.45,100,248,87.2,153,16.7,100,100,3.45,168,100,144,100,26.3,197,100
G,100,100,100,174,107,124,100,150,66.5,105,51.9,138,100,-15,61.3,138,100,2.2,151,67.3
H,100,402,93,100,177,100,100,-59,24.5,33.4,100,36,189,100,28.6,184,100,100,100,100
I,100,-43,35.3,100,-37,136,244,100,100,100,100,100,100,100,100,100,158,100,100,153
K,100,29,100,100,105,100,100,100,141,47.5,100,165,58.3,100,137,57.5,100,132,100,121
L,100,56.3,100,132,100,63.7,100,100,100,133,32.2,100,100,54.2,100,100,100,100,100,173
M,164,100,226,23.4,100,153,100,100,100,100,-209,219,100,100,100,46.6,-37.2,37.1,100,100
N,100,-76,100,102,100,100,100,100,3.49,100,164,-2.25,100,116,166,100,100,161,100,88.1
P,154,159,100,100,100,61,100,100,100,116,100,100,139,168,34,100,52.3,88.6,100,100
Q,100,-8.5,147,156,42.1,132,188,60.1,100,95.1,100,100,100,253,15.8,63.7,100,43.6,-40.6,149
R,62.1,100,140,66.3,100,100,25.9,16.3,137,100,100,100,159,47.5,144,67.6,100,93.6,100,100
S,68.8,100,159,68.6,149,100,88.5,100,100,136,100,100,100,100,100,44.6,100,55.6,100,100
T,129,100,100,106,100,100,100,100,34.1,100,100,100,62.8,100,100,100,100,100,-26.8,100
V,100,173,100,100,100,73.4,24.5,100,174,158,100,100,43.6,100,53.3,100,87.3,146,100,41.2
W,100,-153,100,25,100,151,100,211,100,-69,306,100,-84,100,158,25.5,100,100,100,-23
Y,100,100,151,140,100,11.7,191,100,100,100,100,88.1,197,212,100,40.1,100,30.9,100,21.6
